[
    {
        "Row Key": "7495904890762382122",
        "Rank": 1,
        "Live Cover Pic": "live_1_image_content_1.png",
        "Live Name": "WELCOME TO POPMART",
        "Profile Name": "@popmart.usshop",
        "Best Seller IDs": [
            "1729542997783449608",
            "1730548745653948424",
            "1729938571950985224"
        ],
        "Best Sellers": [
            "THE MONSTERS - Have a Seat Vinyl Plush Blind Box, Mystery Box",
            "THE MONSTERS COCA-COLA SERIES-Vinyl Face Blind Box",
            "CRYBABY Crying Again Series-Vinyl Face Plush Blind Box, Mystery Box"
        ],
        "Best Seller Prices": [
            "¥160.51",
            "¥291.89 - ¥1.75k",
            "¥204.30 - ¥1.23k"
        ],
        "Best Seller Images": [
            "live_product_1_image_1.png",
            "live_product_1_image_2.png",
            "live_product_1_image_3.png"
        ],
        "Time Frame": "04/21 19:00 ~ 23:58",
        "Duration": "Duration: 4h 57m",
        "Revenue": "¥336.74k",
        "Views": "457.17k",
        "GPM": "¥736.57"
    },
    {
        "Row Key": "7495749339101498158",
        "Rank": 2,
        "Live Cover Pic": "live_2_image_content_2.png",
        "Live Name": "Shapellx \"Super Brand Day\"!!",
        "Profile Name": "@shapellxcrew",
        "Best Seller IDs": [
            "1730586236661895235",
            "1730362285233246275",
            "1729989006154829891"
        ],
        "Best Sellers": [
            "AirSlim Lace Steel Boned Butt Enhancer Shapewear Live",
            "Shapellx AirSlim Boned Sculpt High Waist Shorts  Womenswear Underwear Highwaist Shapewear Girdle Undergarment  Live",
            "Shapellx AirSlim Sculpt High Waist Shorts Womenswear Shapewear Underwear Live"
        ],
        "Best Seller Prices": [
            "¥423.27",
            "¥500.71",
            "¥467.14 - ¥500.71"
        ],
        "Best Seller Images": [
            "live_product_2_image_4.png",
            "live_product_2_image_5.png",
            "live_product_2_image_6.png"
        ],
        "Time Frame": "04/21 09:00 ~ 23:56",
        "Duration": "Duration: 14h 56m",
        "Revenue": "¥314.12k",
        "Views": "98.67k",
        "GPM": "¥3.18k"
    },
    {
        "Row Key": "7495814404823419691",
        "Rank": 3,
        "Live Cover Pic": "live_3_image_content_3.png",
        "Live Name": "Shapellx \"Super Brand Day\"!!",
        "Profile Name": "@shapellxofficial",
        "Best Seller IDs": [
            "1729534696881558144",
            "1729579556672148096",
            "1729596073113195136"
        ],
        "Best Sellers": [
            "Shapellx AirSlim Lace Smooth Firm Control Full Body Shapewear Womenswear Sales",
            "Shapellx AirSlim Smooth Tummy Control Butt-Lifting T-Back Hand Wash Shorts Shapewear Womenswear Sales",
            "Shapellx AirSlim ElasticFuse Waistband Shaping Leggings Womenswear Sales"
        ],
        "Best Seller Prices": [
            "¥394.07",
            "¥240.87",
            "¥291.89 - ¥610.12"
        ],
        "Best Seller Images": [
            "live_product_3_image_7.png",
            "live_product_3_image_8.png",
            "live_product_3_image_9.png"
        ],
        "Time Frame": "04/21 13:10 ~ 23:57",
        "Duration": "Duration: 10h 46m",
        "Revenue": "¥216.64k",
        "Views": "59.87k",
        "GPM": "¥3.62k"
    },
    {
        "Row Key": "7495533896390560558",
        "Rank": 4,
        "Live Cover Pic": "live_4_image_content_4.png",
        "Live Name": "WELCOME TO POPMART",
        "Profile Name": "@popmart.usshop",
        "Best Seller IDs": [
            "1730918019362230280",
            "1729542997783449608",
            "1730548745653948424"
        ],
        "Best Sellers": [
            "PUCKY BEANIE BUBBLE UP SERIES-Plush Pendant Blind Box",
            "THE MONSTERS - Have a Seat Vinyl Plush Blind Box, Mystery Box",
            "THE MONSTERS COCA-COLA SERIES-Vinyl Face Blind Box"
        ],
        "Best Seller Prices": [
            "¥116.71 - ¥700.27",
            "¥160.51",
            "¥291.89 - ¥1.75k"
        ],
        "Best Seller Images": [
            "live_product_4_image_10.png",
            "live_product_4_image_11.png",
            "live_product_4_image_12.png"
        ],
        "Time Frame": "04/20 19:00 ~ 04/21 03:01",
        "Duration": "Duration: 8h",
        "Revenue": "¥216.45k",
        "Views": "182.18k",
        "GPM": "¥1.19k"
    },
    {
        "Row Key": "7495791875966716714",
        "Rank": 5,
        "Live Cover Pic": "live_5_image_content_5.png",
        "Live Name": "$300 OFF Makeup Vanity SALE",
        "Profile Name": "@fresought777",
        "Best Seller IDs": [
            "1729562221692948644",
            "1729537884756152484",
            "1729597707943579812"
        ],
        "Best Sellers": [
            "YITAHOME Vanity Desk Set with Large Lighted Mirror and Power Outlet, 46\" Makeup Vanity with 10 Drawers and Magnifying Glass, Vanity Desk Set with Storage Bench, 3 Lighting Color Adjustable",
            "YITAHOME Makeup Vanity Desk with Large Lighted Mirror with Power Outlet and LED Strip, 3 Color Lighting Modes with Adjustable Brightness, 4 Drawer Vanity Table with Cushioned Stool for Bedroom",
            "YITAHOME Shoe Cabinet with 2/3/4 Flip Drawers, Freestanding Shoe Rack, Shoe Organizer, Narrow Shoe Cabinet for EntryWay Hallway Living Room"
        ],
        "Best Seller Prices": [
            "¥1.97k - ¥2.19k",
            "¥1.20k - ¥1.53k",
            "¥474.36 - ¥1.13k"
        ],
        "Best Seller Images": [
            "live_product_5_image_13.png",
            "live_product_5_image_14.png",
            "live_product_5_image_15.png"
        ],
        "Time Frame": "04/21 11:42 ~ 22:50",
        "Duration": "Duration: 11h 8m",
        "Revenue": "¥202.10k",
        "Views": "169.84k",
        "GPM": "¥1.19k"
    },
    {
        "Row Key": "7495906005524728622",
        "Rank": 6,
        "Live Cover Pic": "live_6_image_content_6.png",
        "Live Name": "ENJOY UNBOXING TIME!",
        "Profile Name": "@popmartunboxing.us",
        "Best Seller IDs": [
            "1729542997783449608",
            "1730548745653948424",
            "1729736994697482248"
        ],
        "Best Sellers": [
            "THE MONSTERS - Have a Seat Vinyl Plush Blind Box, Mystery Box",
            "THE MONSTERS COCA-COLA SERIES-Vinyl Face Blind Box",
            "Unboxing-Hirono×Le Petit Prince Series Figures"
        ],
        "Best Seller Prices": [
            "¥160.51",
            "¥291.89 - ¥1.75k",
            "¥248.02"
        ],
        "Best Seller Images": [
            "live_product_6_image_16.png",
            "live_product_6_image_17.png",
            "live_product_6_image_18.png"
        ],
        "Time Frame": "04/21 19:04 ~ 23:58",
        "Duration": "Duration: 4h 53m",
        "Revenue": "¥194.64k",
        "Views": "169.83k",
        "GPM": "¥1.15k"
    },
    {
        "Row Key": "7495811655176145710",
        "Rank": 7,
        "Live Cover Pic": "live_7_image_content_7.png",
        "Live Name": "Welcome to my live",
        "Profile Name": "@mama___tried",
        "Best Seller IDs": [
            "1731060297312931895",
            "1729649195107192943",
            "1730937656723607805"
        ],
        "Best Sellers": [
            "DRIFT.SLIDE 1500W Peak Power Electric Bike for Adults, 28 MPH 60 Miles Electric Moped Style Bike, 48V 20.8 Ah UL 2849 Removable Battery, 7 Speed 20\" All Terrain Fat Tire Ebike (J1) bicycle  light",
            "AovoPro ES80 Electric Scooter - 8.5-inch Solid Tires, 350W Motor, Up to 21 Miles Range, 19 MPH Speed, Portable Folding Commuter Scooter, Dual Braking System, and App-Controlled Electric Scooter with 10.5Ah High Capacity Battery.",
            "Commuting electric bicycle with a maximum power of 1500W, upgraded thick tires and 7-layer full suspension, 48V 20.8Ah detachable large battery, 20 \"x 4.0 suitable for mountainous, snowy, sandy and highway areas, with the highest cost-effectiveness"
        ],
        "Best Seller Prices": [
            "¥4.96k",
            "¥1.24k",
            "¥4.81k"
        ],
        "Best Seller Images": [
            "live_product_7_image_19.png",
            "live_product_7_image_20.png",
            "live_product_7_image_21.png"
        ],
        "Time Frame": "04/21 12:59 ~ 15:17",
        "Duration": "Duration: 2h 17m",
        "Revenue": "¥191.28k",
        "Views": "58.25k",
        "GPM": "¥3.28k"
    },
    {
        "Row Key": "7493671125701069614",
        "Rank": 8,
        "Live Cover Pic": "live_8_image_content_8.png",
        "Live Name": "SPRING GLOW-UP LIVE",
        "Profile Name": "@superjerry62",
        "Best Seller IDs": [
            "1729654449419424166",
            "1730415399686606857",
            "1729562343719538908"
        ],
        "Best Sellers": [
            "Two-piece Set Women's Solid Zip Up Mock Neck Sports Jacket & High Waist Leggings Set, Sporty Breathable Quick Drying Outfits for Yoga Gym Workout Running, Valentine's Day Gift for Girl, Ladies Sportswear for All Seasons, Tracksuit Set",
            "Women's Low Top Lace Up Training Shoes, Casual Comfortable Breathable Lightweight Wear-Resistant Sports Shoes, Non-Slip Sneakers for Gym Workout Running",
            "Women's High Waist Sports Shorts, Breathable Comfortable High Stretch Skinny Shorts, Gym Shorts, Ladies Sportswear for Indoor Outdoor Wear, Workout Clothes"
        ],
        "Best Seller Prices": [
            "¥104.59",
            "¥137.73",
            "¥66.86 - ¥355.75"
        ],
        "Best Seller Images": [
            "live_product_8_image_22.png",
            "live_product_8_image_23.png",
            "live_product_8_image_24.png"
        ],
        "Time Frame": "04/15 18:33 ~ 04/21 01:59",
        "Duration": "Duration: 127h 26m",
        "Revenue": "¥181.99k",
        "Views": "316.17k",
        "GPM": "¥575.60"
    },
    {
        "Row Key": "7495905196371905326",
        "Rank": 9,
        "Live Cover Pic": "live_9_image_content_9.png",
        "Live Name": "HAVE FUN TOGETHER ~",
        "Profile Name": "@popmart.uslocalshop",
        "Best Seller IDs": [
            "1730548761579393857",
            "1729570465770214209",
            "1729940035404993345"
        ],
        "Best Sellers": [
            "THE MONSTERS COCA-COLA SERIES-Vinyl Face Blind Box",
            "THE MONSTERS Lazy Yoga Series Figures, Whole Set",
            "CRYBABY Crying Again Series-Vinyl Face Plush Blind Box, Whole Set"
        ],
        "Best Seller Prices": [
            "¥291.89 - ¥1.75k",
            "¥1.24k",
            "¥1.23k"
        ],
        "Best Seller Images": [
            "live_product_9_image_25.png",
            "live_product_9_image_26.png",
            "live_product_9_image_27.png"
        ],
        "Time Frame": "04/21 19:01 ~ 23:58",
        "Duration": "Duration: 4h 56m",
        "Revenue": "¥171.20k",
        "Views": "359k",
        "GPM": "¥476.90"
    },
    {
        "Row Key": "7495763024133819178",
        "Rank": 10,
        "Live Cover Pic": "live_10_image_content_10.png",
        "Live Name": "Crazy MEGA SALE LIVE",
        "Profile Name": "@feelingirlus",
        "Best Seller IDs": [
            "1730617684471878595",
            "1729607382866629571",
            "1729759134475785155"
        ],
        "Best Sellers": [
            "FeelinGirl  Strapless Shapewear Tummy  Control Bodysuit Seamless Sculpt Shortie with Removable  Womenswear Fabric Comfortable Basic Nylon Tops",
            "FeelinGirl Women's Shapewear Full-Body Bodysuit with Tummy Control and Butt Lifter Womenswear Underwear",
            "FeelinGirl Womens Shapewear Tank Top Tummy Control Cami Tanks Seamless Camisole Tops Womenswear Spaghetti Strap Underwear Lady Comfort"
        ],
        "Best Seller Prices": [
            "¥189.70",
            "¥226.20",
            "¥189.70"
        ],
        "Best Seller Images": [
            "live_product_10_image_28.png",
            "live_product_10_image_29.png",
            "live_product_10_image_30.png"
        ],
        "Time Frame": "04/21 09:52 ~ 23:00",
        "Duration": "Duration: 13h 8m",
        "Revenue": "¥167.88k",
        "Views": "110.47k",
        "GPM": "¥1.52k"
    }
]