[
    {
        "Row Key": "1729497551838548393",
        "Rank": 1,
        "Product Logo": "product_logo_1.png",
        "Product Name": "Yerba Magic | Yerba Mate Instant Tea Powder | 20 or 30 Serving Options",
        "Product Range": "$29.99 - $54.99",
        "Revenue": "$77.55k",
        "Revenue Trend": "revenue_trend_1.png",
        "Item Sold": "2.59k",
        "Average Unit Price": "$29.99",
        "Commission Rate": "20%",
        "Highest Revenue Videos IDs": [
            "7488076137671937326",
            "7493310484855262495",
            "7494737054044081454"
        ],
        "Highest Revenue Videos": [],
        "Highest Revenue Videos Images": [
            "product_1_image_1.png",
            "product_1_image_2.png",
            "product_1_image_3.png"
        ],
        "Creator Number": "1.08k",
        "Launch Date": "2024-07-03",
        "Creator Conversion Rate": "24.70%"
    },
    {
        "Row Key": "1729385986905510533",
        "Rank": 2,
        "Product Logo": "product_logo_2.png",
        "Product Name": "Dream Coat For Curly Hair",
        "Product Range": "$24.00",
        "Revenue": "$56.64k",
        "Revenue Trend": "revenue_trend_2.png",
        "Item Sold": "2.36k",
        "Average Unit Price": "$24.00",
        "Commission Rate": "15%",
        "Highest Revenue Videos IDs": [
            "7489946430967221547",
            "7494381969099296031",
            "7483545372288175406"
        ],
        "Highest Revenue Videos": [],
        "Highest Revenue Videos Images": [
            "product_2_image_4.png",
            "product_2_image_5.png",
            "product_2_image_6.png"
        ],
        "Creator Number": "291",
        "Launch Date": "2023-09-21",
        "Creator Conversion Rate": "28.52%"
    },
    {
        "Row Key": "1729465781365085154",
        "Rank": 3,
        "Product Logo": "product_logo_3.png",
        "Product Name": "Ultimate Men's Health Bundle - Snap Supplements - Nitric Oxide Booster 60ct + Prostate Health Bundle - Natural Supplement Capsules - Support Blood Circulation & Prostate Health",
        "Product Range": "$39.95",
        "Revenue": "$53.93k",
        "Revenue Trend": "revenue_trend_3.png",
        "Item Sold": "1.35k",
        "Average Unit Price": "$39.95",
        "Commission Rate": "20%",
        "Highest Revenue Videos IDs": [
            "7494450953412758830",
            "7477730792022560046",
            "7486274319400684843"
        ],
        "Highest Revenue Videos": [],
        "Highest Revenue Videos Images": [
            "product_3_image_7.png",
            "product_3_image_8.png",
            "product_3_image_9.png"
        ],
        "Creator Number": "648",
        "Launch Date": "2024-05-02",
        "Creator Conversion Rate": "19.44%"
    },
    {
        "Row Key": "1729408009245069576",
        "Rank": 4,
        "Product Logo": "product_logo_4.png",
        "Product Name": "BoomBoom Nasal Stick: Free Your Nose | Featured on SharkTank | Powerful Essential Oils with Vapor Flow Technology | Breathe In Life",
        "Product Range": "$19.95 - $24.95",
        "Revenue": "$50.07k",
        "Revenue Trend": "revenue_trend_4.png",
        "Item Sold": "2.51k",
        "Average Unit Price": "$19.95",
        "Commission Rate": "25%",
        "Highest Revenue Videos IDs": [
            "7493320410029722910",
            "7493402674310810922",
            "7494977014059896094"
        ],
        "Highest Revenue Videos": [],
        "Highest Revenue Videos Images": [
            "product_4_image_10.png",
            "product_4_image_11.png",
            "product_4_image_12.png"
        ],
        "Creator Number": "1.28k",
        "Launch Date": "2023-11-19",
        "Creator Conversion Rate": "20.25%"
    },
    {
        "Row Key": "1730501450773467985",
        "Rank": 5,
        "Product Logo": "product_logo_5.png",
        "Product Name": "ZOOONE NR1000 - NAD+ Berry Flavor Drink Mix for Skin Aging Support, Energy, and Focus - 30 Pack -",
        "Product Range": "$29.99 - $83.99",
        "Revenue": "$49.78k",
        "Revenue Trend": "revenue_trend_5.png",
        "Item Sold": "1.66k",
        "Average Unit Price": "$29.99",
        "Commission Rate": "20%",
        "Highest Revenue Videos IDs": [
            "7494672850880646430",
            "7489043046701485343",
            "7486243519435410734"
        ],
        "Highest Revenue Videos": [],
        "Highest Revenue Videos Images": [
            "product_5_image_13.png",
            "product_5_image_14.png",
            "product_5_image_15.png"
        ],
        "Creator Number": "194",
        "Launch Date": "2025-01-16",
        "Creator Conversion Rate": "29.38%"
    },
    {
        "Row Key": "1729746772055003319",
        "Rank": 6,
        "Product Logo": "product_logo_6.png",
        "Product Name": "Westmore Beauty Body Coverage Perfector 3.5oz + X-Large Buffer Brush - Flawless Body Makeup, Concealer for Scars, Spots, Veins, Tattoos and More",
        "Product Range": "$59.99",
        "Revenue": "$48.23k",
        "Revenue Trend": "revenue_trend_6.png",
        "Item Sold": "804",
        "Average Unit Price": "$59.99",
        "Commission Rate": "15%",
        "Highest Revenue Videos IDs": [
            "7495113671086017834",
            "7494767408184298782",
            "7488485556910066990"
        ],
        "Highest Revenue Videos": [],
        "Highest Revenue Videos Images": [
            "product_6_image_16.png",
            "product_6_image_17.png",
            "product_6_image_18.png"
        ],
        "Creator Number": "603",
        "Launch Date": "2024-10-30",
        "Creator Conversion Rate": "12.77%"
    },
    {
        "Row Key": "1729403338518794392",
        "Rank": 7,
        "Product Logo": "product_logo_7.png",
        "Product Name": "Wavytalk Blowout Boost Ionic Thermal Brush 1 1/2 Inch with LED Display, 300℉-420℉ for Different Hair Types, 120-240V Universal Voltage",
        "Product Range": "$32.95 - $40.98",
        "Revenue": "$43.07k",
        "Revenue Trend": "revenue_trend_7.png",
        "Item Sold": "1.31k",
        "Average Unit Price": "$32.95",
        "Commission Rate": "8%",
        "Highest Revenue Videos IDs": [
            "7494357317928930590",
            "7468886170534022442",
            "7494895511699262763"
        ],
        "Highest Revenue Videos": [],
        "Highest Revenue Videos Images": [
            "product_7_image_19.png",
            "product_7_image_20.png",
            "product_7_image_21.png"
        ],
        "Creator Number": "837",
        "Launch Date": "2023-10-09",
        "Creator Conversion Rate": "17.44%"
    },
    {
        "Row Key": "1729542997783449608",
        "Rank": 8,
        "Product Logo": "product_logo_8.png",
        "Product Name": "THE MONSTERS - Have a Seat Vinyl Plush Blind Box, Mystery Box",
        "Product Range": "$21.99",
        "Revenue": "$42.86k",
        "Revenue Trend": "revenue_trend_8.png",
        "Item Sold": "1.95k",
        "Average Unit Price": "$21.99",
        "Commission Rate": "-",
        "Highest Revenue Videos IDs": [],
        "Highest Revenue Videos": [],
        "Highest Revenue Videos Images": [],
        "Creator Number": "2",
        "Launch Date": "2024-07-11",
        "Creator Conversion Rate": "100.00%"
    },
    {
        "Row Key": "1729417158856250354",
        "Rank": 9,
        "Product Logo": "product_logo_9.png",
        "Product Name": "Physician's Choice Hack your Tummy Bundle: Digestive Enzymes & 60 Billion Probiotic - Digestion, Immune & Bloating Support for Men & Women",
        "Product Range": "$36.62 - $59.48",
        "Revenue": "$42.70k",
        "Revenue Trend": "revenue_trend_9.png",
        "Item Sold": "1.17k",
        "Average Unit Price": "$36.62",
        "Commission Rate": "20%",
        "Highest Revenue Videos IDs": [
            "7485916125457337630",
            "7476997779374624042",
            "7488758036924730667"
        ],
        "Highest Revenue Videos": [],
        "Highest Revenue Videos Images": [
            "product_9_image_22.png",
            "product_9_image_23.png",
            "product_9_image_24.png"
        ],
        "Creator Number": "1.08k",
        "Launch Date": "2023-12-16",
        "Creator Conversion Rate": "11.77%"
    },
    {
        "Row Key": "1729606769780232427",
        "Rank": 10,
        "Product Logo": "product_logo_10.png",
        "Product Name": "[medicube Official] Affordable Glass Glow Skincare Set | Includes 8 TOP-SELLING products for Gentle Skin Renewal",
        "Product Range": "$88.00",
        "Revenue": "$39.34k",
        "Revenue Trend": "revenue_trend_10.png",
        "Item Sold": "447",
        "Average Unit Price": "$88.00",
        "Commission Rate": "15%",
        "Highest Revenue Videos IDs": [
            "7489627124127517998",
            "7468548950665104686",
            "7465419594661006638"
        ],
        "Highest Revenue Videos": [],
        "Highest Revenue Videos Images": [
            "product_10_image_25.png",
            "product_10_image_26.png",
            "product_10_image_27.png"
        ],
        "Creator Number": "666",
        "Launch Date": "2024-09-03",
        "Creator Conversion Rate": "16.37%"
    }
]